<?xml version="1.0" encoding="utf-8" standalone="yes" ?>
<rss version="2.0" xmlns:atom="http://www.w3.org/2005/Atom">
  <channel>
    <title>Talks and Presentations on Shin&#39;ichiro Matsuo@Georgetown</title>
    <link>https://people.cs.georgetown.edu/matsuo/talk/</link>
    <description>Recent content in Talks and Presentations on Shin&#39;ichiro Matsuo@Georgetown</description>
    <generator>Hugo -- gohugo.io</generator>
    <language>en-us</language>
    <copyright>&amp;copy; 2017 Shin&#39;ichiro Matsuo</copyright>
    <lastBuildDate>Sun, 01 Jan 2017 00:00:00 +0000</lastBuildDate>
    
	<atom:link href="https://people.cs.georgetown.edu/matsuo/talk/index.xml" rel="self" type="application/rss+xml" />
    
    
    <item>
      <title>Blockchain X-boarder talk with tech community</title>
      <link>https://people.cs.georgetown.edu/matsuo/talk/fimsum201809/</link>
      <pubDate>Wed, 01 Aug 2018 00:00:00 -0700</pubDate>
      
      <guid>https://people.cs.georgetown.edu/matsuo/talk/fimsum201809/</guid>
      <description></description>
    </item>
    
    <item>
      <title>Keynote: Era of Elusiveness in Security and Privacy</title>
      <link>https://people.cs.georgetown.edu/matsuo/talk/ispec2018/</link>
      <pubDate>Wed, 01 Aug 2018 00:00:00 -0700</pubDate>
      
      <guid>https://people.cs.georgetown.edu/matsuo/talk/ispec2018/</guid>
      <description></description>
    </item>
    
    <item>
      <title>Panel discussion: Identity/Security/Supply Chain</title>
      <link>https://people.cs.georgetown.edu/matsuo/talk/blockchainforgovernment201806/</link>
      <pubDate>Fri, 27 Apr 2018 00:00:00 -0700</pubDate>
      
      <guid>https://people.cs.georgetown.edu/matsuo/talk/blockchainforgovernment201806/</guid>
      <description></description>
    </item>
    
    <item>
      <title>Academic Research on (public) blockchain Direction and update of BSafe.network</title>
      <link>https://people.cs.georgetown.edu/matsuo/talk/basingblockchain201806/</link>
      <pubDate>Thu, 26 Apr 2018 00:00:00 -0700</pubDate>
      
      <guid>https://people.cs.georgetown.edu/matsuo/talk/basingblockchain201806/</guid>
      <description></description>
    </item>
    
    <item>
      <title>The Future of Blockchain: Perspectives on Bitcoin</title>
      <link>https://people.cs.georgetown.edu/matsuo/talk/ubcblockhainevent2018/</link>
      <pubDate>Thu, 26 Apr 2018 00:00:00 -0700</pubDate>
      
      <guid>https://people.cs.georgetown.edu/matsuo/talk/ubcblockhainevent2018/</guid>
      <description></description>
    </item>
    
    <item>
      <title>Governance of regulations and innovations - Data and Privacy</title>
      <link>https://people.cs.georgetown.edu/matsuo/talk/ncctokyo2018/</link>
      <pubDate>Wed, 25 Apr 2018 00:00:00 -0700</pubDate>
      
      <guid>https://people.cs.georgetown.edu/matsuo/talk/ncctokyo2018/</guid>
      <description></description>
    </item>
    
    <item>
      <title>How academia can help maturing blockchain technology and ecosystem.</title>
      <link>https://people.cs.georgetown.edu/matsuo/talk/xchain2/</link>
      <pubDate>Tue, 24 Apr 2018 00:00:00 -0700</pubDate>
      
      <guid>https://people.cs.georgetown.edu/matsuo/talk/xchain2/</guid>
      <description></description>
    </item>
    
    <item>
      <title>Make Blockchain Mature: academic and multi-stakeholder process</title>
      <link>https://people.cs.georgetown.edu/matsuo/talk/consensus2019/</link>
      <pubDate>Tue, 24 Apr 2018 00:00:00 -0700</pubDate>
      
      <guid>https://people.cs.georgetown.edu/matsuo/talk/consensus2019/</guid>
      <description></description>
    </item>
    
    <item>
      <title>Panel: Future of Finance: Multi-Stakeholder Governance for Blockchain Based New Financial Ecosystem</title>
      <link>https://people.cs.georgetown.edu/matsuo/talk/dcblockchainsummit2019/</link>
      <pubDate>Tue, 24 Apr 2018 00:00:00 -0700</pubDate>
      
      <guid>https://people.cs.georgetown.edu/matsuo/talk/dcblockchainsummit2019/</guid>
      <description></description>
    </item>
    
    <item>
      <title>The BSafe.network: Academic research network</title>
      <link>https://people.cs.georgetown.edu/matsuo/talk/uoz_lecture2019/</link>
      <pubDate>Tue, 24 Apr 2018 00:00:00 -0700</pubDate>
      
      <guid>https://people.cs.georgetown.edu/matsuo/talk/uoz_lecture2019/</guid>
      <description></description>
    </item>
    
    <item>
      <title>Blockchain Technology</title>
      <link>https://people.cs.georgetown.edu/matsuo/talk/pennblockchain2018/</link>
      <pubDate>Thu, 05 Apr 2018 00:00:00 -0700</pubDate>
      
      <guid>https://people.cs.georgetown.edu/matsuo/talk/pennblockchain2018/</guid>
      <description></description>
    </item>
    
    <item>
      <title>Panel Discussion:Virtual Currencies - Increasing the impact and importance of Virtual Currency -</title>
      <link>https://people.cs.georgetown.edu/matsuo/talk/finconet2017/</link>
      <pubDate>Tue, 31 Oct 2017 00:00:00 -0700</pubDate>
      
      <guid>https://people.cs.georgetown.edu/matsuo/talk/finconet2017/</guid>
      <description></description>
    </item>
    
    <item>
      <title>How Global Scale Academic Research Network helps Crypto-Economics Research</title>
      <link>https://people.cs.georgetown.edu/matsuo/talk/cesc2017/</link>
      <pubDate>Sat, 30 Sep 2017 00:00:00 -0700</pubDate>
      
      <guid>https://people.cs.georgetown.edu/matsuo/talk/cesc2017/</guid>
      <description></description>
    </item>
    
    <item>
      <title>Invited Lecture: Formal Analysis and Verification and Blockchain-Based Systems</title>
      <link>https://people.cs.georgetown.edu/matsuo/talk/memocode2017/</link>
      <pubDate>Mon, 25 Sep 2017 00:00:00 -0700</pubDate>
      
      <guid>https://people.cs.georgetown.edu/matsuo/talk/memocode2017/</guid>
      <description></description>
    </item>
    
    <item>
      <title>Panel Discussion:Technology challenges toward maturing Blockchain</title>
      <link>https://people.cs.georgetown.edu/matsuo/talk/fintechsummit2017/</link>
      <pubDate>Wed, 20 Sep 2017 00:00:00 -0700</pubDate>
      
      <guid>https://people.cs.georgetown.edu/matsuo/talk/fintechsummit2017/</guid>
      <description></description>
    </item>
    
    <item>
      <title>Keynote speech: BSafe Network: Purpose, Development and Operation</title>
      <link>https://people.cs.georgetown.edu/matsuo/talk/icccn2017/</link>
      <pubDate>Tue, 01 Aug 2017 00:00:00 -0700</pubDate>
      
      <guid>https://people.cs.georgetown.edu/matsuo/talk/icccn2017/</guid>
      <description></description>
    </item>
    
    <item>
      <title>Blockchain’s today and tomorrow are scholars of yesterday.</title>
      <link>https://people.cs.georgetown.edu/matsuo/talk/ncctokyo2017/</link>
      <pubDate>Thu, 20 Jul 2017 00:00:00 -0700</pubDate>
      
      <guid>https://people.cs.georgetown.edu/matsuo/talk/ncctokyo2017/</guid>
      <description></description>
    </item>
    
    <item>
      <title>Building Neutral Bitcoin/Blockchain Research Network by Academia: BSafe.network</title>
      <link>https://people.cs.georgetown.edu/matsuo/talk/mitbitcoinexpo/</link>
      <pubDate>Wed, 01 Mar 2017 00:00:00 -0800</pubDate>
      
      <guid>https://people.cs.georgetown.edu/matsuo/talk/mitbitcoinexpo/</guid>
      <description></description>
    </item>
    
    <item>
      <title>Panel Discussion:Academic Comparison of Protocols</title>
      <link>https://people.cs.georgetown.edu/matsuo/talk/construct2017/</link>
      <pubDate>Fri, 20 Jan 2017 00:00:00 -0800</pubDate>
      
      <guid>https://people.cs.georgetown.edu/matsuo/talk/construct2017/</guid>
      <description></description>
    </item>
    
    <item>
      <title>How Can We Convince the Security of Blockchain in Theory?</title>
      <link>https://people.cs.georgetown.edu/matsuo/talk/nccsf2016/</link>
      <pubDate>Sat, 05 Nov 2016 00:00:00 -0700</pubDate>
      
      <guid>https://people.cs.georgetown.edu/matsuo/talk/nccsf2016/</guid>
      <description></description>
    </item>
    
    <item>
      <title>Panel Discussion:Dawn of Blockchain era</title>
      <link>https://people.cs.georgetown.edu/matsuo/talk/fintechsummit2016/</link>
      <pubDate>Tue, 20 Sep 2016 00:00:00 -0700</pubDate>
      
      <guid>https://people.cs.georgetown.edu/matsuo/talk/fintechsummit2016/</guid>
      <description></description>
    </item>
    
    <item>
      <title>Academia makes Blockchain technology healthy.</title>
      <link>https://people.cs.georgetown.edu/matsuo/talk/ncctokyo2016/</link>
      <pubDate>Mon, 04 Jul 2016 08:00:00 -0700</pubDate>
      
      <guid>https://people.cs.georgetown.edu/matsuo/talk/ncctokyo2016/</guid>
      <description></description>
    </item>
    
    <item>
      <title>Lessons learnt from NIST SHA-3 competition for scaling Bitcoin</title>
      <link>https://people.cs.georgetown.edu/matsuo/talk/scalingbitcoin2015montreal/</link>
      <pubDate>Thu, 10 Sep 2015 00:00:00 -0700</pubDate>
      
      <guid>https://people.cs.georgetown.edu/matsuo/talk/scalingbitcoin2015montreal/</guid>
      <description></description>
    </item>
    
    <item>
      <title>Cryptographic Protocol is and isn&#39;t like LEGO</title>
      <link>https://people.cs.georgetown.edu/matsuo/talk/iwsec2015/</link>
      <pubDate>Tue, 25 Aug 2015 00:00:00 -0700</pubDate>
      
      <guid>https://people.cs.georgetown.edu/matsuo/talk/iwsec2015/</guid>
      <description></description>
    </item>
    
    <item>
      <title>New CRYPTREC e-government recommended cipher list</title>
      <link>https://people.cs.georgetown.edu/matsuo/talk/jwcaa2013/</link>
      <pubDate>Wed, 24 Jul 2013 00:00:00 -0700</pubDate>
      
      <guid>https://people.cs.georgetown.edu/matsuo/talk/jwcaa2013/</guid>
      <description></description>
    </item>
    
    <item>
      <title>Risk Awareness in e-banking</title>
      <link>https://people.cs.georgetown.edu/matsuo/talk/fc2013panel/</link>
      <pubDate>Mon, 01 Apr 2013 00:00:00 -0700</pubDate>
      
      <guid>https://people.cs.georgetown.edu/matsuo/talk/fc2013panel/</guid>
      <description></description>
    </item>
    
    <item>
      <title>Risk Awareness in e-banking</title>
      <link>https://people.cs.georgetown.edu/matsuo/talk/nict-etri2012/</link>
      <pubDate>Mon, 01 Oct 2012 00:00:00 -0700</pubDate>
      
      <guid>https://people.cs.georgetown.edu/matsuo/talk/nict-etri2012/</guid>
      <description></description>
    </item>
    
    <item>
      <title>Cryptographic algorithms in ISO/IEC JTC1/SC27 and CRYPTREC</title>
      <link>https://people.cs.georgetown.edu/matsuo/talk/jwcaa2012/</link>
      <pubDate>Sun, 12 Aug 2012 00:00:00 -0700</pubDate>
      
      <guid>https://people.cs.georgetown.edu/matsuo/talk/jwcaa2012/</guid>
      <description></description>
    </item>
    
    <item>
      <title>Cryptographic algorithms in ISO/IEC JTC1/SC27 and CRYPTREC</title>
      <link>https://people.cs.georgetown.edu/matsuo/talk/jwcaa2011/</link>
      <pubDate>Sat, 12 Mar 2011 00:00:00 -0800</pubDate>
      
      <guid>https://people.cs.georgetown.edu/matsuo/talk/jwcaa2011/</guid>
      <description></description>
    </item>
    
    <item>
      <title>Cryptographic algorithms in ISO/IEC JTC1/SC27 and CRYPTREC</title>
      <link>https://people.cs.georgetown.edu/matsuo/talk/jwcaa2010/</link>
      <pubDate>Fri, 12 Mar 2010 00:00:00 -0800</pubDate>
      
      <guid>https://people.cs.georgetown.edu/matsuo/talk/jwcaa2010/</guid>
      <description></description>
    </item>
    
    <item>
      <title>The Overview of Evaluation on Cryptographic Mechanisms in CRYPTREC</title>
      <link>https://people.cs.georgetown.edu/matsuo/talk/jwcaa2010-2/</link>
      <pubDate>Fri, 12 Mar 2010 00:00:00 -0800</pubDate>
      
      <guid>https://people.cs.georgetown.edu/matsuo/talk/jwcaa2010-2/</guid>
      <description></description>
    </item>
    
    <item>
      <title>Next Step of CRYPTREC: New Evaluation Framework of Cryptographic Techniques for Japanese E-government</title>
      <link>https://people.cs.georgetown.edu/matsuo/talk/uec2009/</link>
      <pubDate>Tue, 12 May 2009 00:00:00 -0700</pubDate>
      
      <guid>https://people.cs.georgetown.edu/matsuo/talk/uec2009/</guid>
      <description></description>
    </item>
    
  </channel>
</rss>