<?xml version="1.0" encoding="utf-8" standalone="yes" ?>
<rss version="2.0" xmlns:atom="http://www.w3.org/2005/Atom">
  <channel>
    <title>Projects on Shin&#39;ichiro Matsuo@Georgetown</title>
    <link>https://people.cs.georgetown.edu/matsuo/project/</link>
    <description>Recent content in Projects on Shin&#39;ichiro Matsuo@Georgetown</description>
    <generator>Hugo -- gohugo.io</generator>
    <language>en-us</language>
    <copyright>&amp;copy; 2017 Shin&#39;ichiro Matsuo</copyright>
    <lastBuildDate>Wed, 27 Apr 2016 00:00:00 +0000</lastBuildDate>
    
	<atom:link href="https://people.cs.georgetown.edu/matsuo/project/index.xml" rel="self" type="application/rss+xml" />
    
    
    <item>
      <title>Deep Learning</title>
      <link>https://people.cs.georgetown.edu/matsuo/project/deep-learning/</link>
      <pubDate>Wed, 27 Apr 2016 00:00:00 +0000</pubDate>
      
      <guid>https://people.cs.georgetown.edu/matsuo/project/deep-learning/</guid>
      <description>Lorem ipsum dolor sit amet, consectetur adipiscing elit.</description>
    </item>
    
    <item>
      <title>External Project</title>
      <link>https://people.cs.georgetown.edu/matsuo/project/example-external-project/</link>
      <pubDate>Wed, 27 Apr 2016 00:00:00 +0000</pubDate>
      
      <guid>https://people.cs.georgetown.edu/matsuo/project/example-external-project/</guid>
      <description>An example of linking directly to an external project website using &lt;code&gt;external_link&lt;/code&gt;.</description>
    </item>
    
  </channel>
</rss>