<?xml version="1.0" encoding="utf-8" standalone="yes" ?>
<rss version="2.0" xmlns:atom="http://www.w3.org/2005/Atom">
  <channel>
    <title>Publication_types on Shin&#39;ichiro Matsuo@Georgetown</title>
    <link>https://people.cs.georgetown.edu/matsuo/publication_types/</link>
    <description>Recent content in Publication_types on Shin&#39;ichiro Matsuo@Georgetown</description>
    <generator>Hugo -- gohugo.io</generator>
    <language>en-us</language>
    <copyright>&amp;copy; 2017 Shin&#39;ichiro Matsuo</copyright>
    <lastBuildDate>Thu, 03 Aug 2017 00:00:00 +0000</lastBuildDate>
    
	<atom:link href="https://people.cs.georgetown.edu/matsuo/publication_types/index.xml" rel="self" type="application/rss+xml" />
    
    
    <item>
      <title>1</title>
      <link>https://people.cs.georgetown.edu/matsuo/publication_types/1/</link>
      <pubDate>Thu, 03 Aug 2017 00:00:00 +0000</pubDate>
      
      <guid>https://people.cs.georgetown.edu/matsuo/publication_types/1/</guid>
      <description></description>
    </item>
    
    <item>
      <title>2</title>
      <link>https://people.cs.georgetown.edu/matsuo/publication_types/2/</link>
      <pubDate>Sun, 05 Oct 2014 00:00:00 +0000</pubDate>
      
      <guid>https://people.cs.georgetown.edu/matsuo/publication_types/2/</guid>
      <description></description>
    </item>
    
  </channel>
</rss>