<?xml version="1.0" encoding="utf-8" standalone="yes" ?>
<rss version="2.0" xmlns:atom="http://www.w3.org/2005/Atom">
  <channel>
    <title>jekyll on Shin&#39;ichiro Matsuo@Georgetown</title>
    <link>https://people.cs.georgetown.edu/matsuo/tags/jekyll/</link>
    <description>Recent content in jekyll on Shin&#39;ichiro Matsuo@Georgetown</description>
    <generator>Hugo -- gohugo.io</generator>
    <language>en-us</language>
    <copyright>&amp;copy; 2017 Shin&#39;ichiro Matsuo</copyright>
    <lastBuildDate>Mon, 10 Mar 2014 00:00:00 -0700</lastBuildDate>
    
	<atom:link href="https://people.cs.georgetown.edu/matsuo/tags/jekyll/index.xml" rel="self" type="application/rss+xml" />
    
    
    <item>
      <title>Migrate from Jekyll to Hugo</title>
      <link>https://people.cs.georgetown.edu/matsuo/post/migrate-from-jekyll/</link>
      <pubDate>Mon, 10 Mar 2014 00:00:00 -0700</pubDate>
      
      <guid>https://people.cs.georgetown.edu/matsuo/post/migrate-from-jekyll/</guid>
      <description>Learn how to migrate an existing website from Jekyll to Hugo.</description>
    </item>
    
  </channel>
</rss>