<?xml version="1.0" encoding="utf-8" standalone="yes" ?>
<rss version="2.0" xmlns:atom="http://www.w3.org/2005/Atom">
  <channel>
    <title>deep-learning on Shin&#39;ichiro Matsuo@Georgetown</title>
    <link>https://people.cs.georgetown.edu/matsuo/tags/deep-learning/</link>
    <description>Recent content in deep-learning on Shin&#39;ichiro Matsuo@Georgetown</description>
    <generator>Hugo -- gohugo.io</generator>
    <language>en-us</language>
    <copyright>&amp;copy; 2017 Shin&#39;ichiro Matsuo</copyright>
    <lastBuildDate>Wed, 27 Apr 2016 00:00:00 +0000</lastBuildDate>
    
	<atom:link href="https://people.cs.georgetown.edu/matsuo/tags/deep-learning/index.xml" rel="self" type="application/rss+xml" />
    
    
    <item>
      <title>Deep Learning</title>
      <link>https://people.cs.georgetown.edu/matsuo/project/deep-learning/</link>
      <pubDate>Wed, 27 Apr 2016 00:00:00 +0000</pubDate>
      
      <guid>https://people.cs.georgetown.edu/matsuo/project/deep-learning/</guid>
      <description>Lorem ipsum dolor sit amet, consectetur adipiscing elit.</description>
    </item>
    
  </channel>
</rss>