<?xml version="1.0" encoding="utf-8" standalone="yes" ?>
<rss version="2.0" xmlns:atom="http://www.w3.org/2005/Atom">
  <channel>
    <title>Posts on Shin&#39;ichiro Matsuo@Georgetown</title>
    <link>https://people.cs.georgetown.edu/matsuo/post/</link>
    <description>Recent content in Posts on Shin&#39;ichiro Matsuo@Georgetown</description>
    <generator>Hugo -- gohugo.io</generator>
    <language>en-us</language>
    <copyright>&amp;copy; 2017 Shin&#39;ichiro Matsuo</copyright>
    <lastBuildDate>Sun, 01 Jan 2017 00:00:00 -0800</lastBuildDate>
    
	<atom:link href="https://people.cs.georgetown.edu/matsuo/post/index.xml" rel="self" type="application/rss+xml" />
    
    
    <item>
      <title>Getting started with the Academic framework for Hugo</title>
      <link>https://people.cs.georgetown.edu/matsuo/post/getting-started/</link>
      <pubDate>Wed, 20 Apr 2016 00:00:00 -0700</pubDate>
      
      <guid>https://people.cs.georgetown.edu/matsuo/post/getting-started/</guid>
      <description>Create a beautifully simple personal or academic website in under 10 minutes.</description>
    </item>
    
    <item>
      <title>Customizing the homepage with widgets</title>
      <link>https://people.cs.georgetown.edu/matsuo/post/widgets/</link>
      <pubDate>Tue, 19 Apr 2016 00:00:00 -0700</pubDate>
      
      <guid>https://people.cs.georgetown.edu/matsuo/post/widgets/</guid>
      <description>Enable/disable and configure widgets to customize your homepage.</description>
    </item>
    
    <item>
      <title>Managing content</title>
      <link>https://people.cs.georgetown.edu/matsuo/post/managing-content/</link>
      <pubDate>Mon, 18 Apr 2016 00:00:00 -0700</pubDate>
      
      <guid>https://people.cs.georgetown.edu/matsuo/post/managing-content/</guid>
      <description>&lt;p&gt;This is a brief guide to managing content with the Academic framework. Content can include publications, projects, talks, news/blog articles, and widget pages. After you have read this guide about creating and managing content, you may also be interested to learn about &lt;a href=&#34;https://people.cs.georgetown.edu/matsuo/post/writing-markdown-latex/&#34; target=&#34;_blank&#34;&gt;writing content with Markdown, LaTeX, and Shortcodes&lt;/a&gt;.&lt;/p&gt;</description>
    </item>
    
    <item>
      <title>Writing content with Markdown, LaTeX, and Shortcodes</title>
      <link>https://people.cs.georgetown.edu/matsuo/post/writing-markdown-latex/</link>
      <pubDate>Sun, 17 Apr 2016 00:00:00 -0700</pubDate>
      
      <guid>https://people.cs.georgetown.edu/matsuo/post/writing-markdown-latex/</guid>
      <description>&lt;p&gt;Content can be written using &lt;a href=&#34;https://github.com/adam-p/markdown-here/wiki/Markdown-Cheatsheet&#34; target=&#34;_blank&#34;&gt;Markdown&lt;/a&gt;, &lt;a href=&#34;https://en.wikibooks.org/wiki/LaTeX/Mathematics&#34; target=&#34;_blank&#34;&gt;LaTeX math&lt;/a&gt;, and &lt;a href=&#34;http://gohugo.io/extras/shortcodes/&#34; target=&#34;_blank&#34;&gt;Hugo Shortcodes&lt;/a&gt;. Additionally, HTML may be used for advanced formatting.&lt;/p&gt;</description>
    </item>
    
    <item>
      <title>Migrate from Jekyll to Hugo</title>
      <link>https://people.cs.georgetown.edu/matsuo/post/migrate-from-jekyll/</link>
      <pubDate>Mon, 10 Mar 2014 00:00:00 -0700</pubDate>
      
      <guid>https://people.cs.georgetown.edu/matsuo/post/migrate-from-jekyll/</guid>
      <description>Learn how to migrate an existing website from Jekyll to Hugo.</description>
    </item>
    
  </channel>
</rss>