<?xml version="1.0" encoding="utf-8" standalone="yes" ?>
<rss version="2.0" xmlns:atom="http://www.w3.org/2005/Atom">
  <channel>
    <title>Tags on Shin&#39;ichiro Matsuo@Georgetown</title>
    <link>https://people.cs.georgetown.edu/matsuo/tags/</link>
    <description>Recent content in Tags on Shin&#39;ichiro Matsuo@Georgetown</description>
    <generator>Hugo -- gohugo.io</generator>
    <language>en-us</language>
    <copyright>&amp;copy; 2017 Shin&#39;ichiro Matsuo</copyright>
    <lastBuildDate>Wed, 27 Apr 2016 00:00:00 +0000</lastBuildDate>
    
	<atom:link href="https://people.cs.georgetown.edu/matsuo/tags/index.xml" rel="self" type="application/rss+xml" />
    
    
    <item>
      <title>Content tagged as &#39;Academic&#39;</title>
      <link>https://people.cs.georgetown.edu/matsuo/tags/academic/</link>
      <pubDate>Sun, 01 Jan 2017 00:00:00 +0000</pubDate>
      
      <guid>https://people.cs.georgetown.edu/matsuo/tags/academic/</guid>
      <description>Here is a list of all the content that has been tagged as academic.</description>
    </item>
    
    <item>
      <title>deep-learning</title>
      <link>https://people.cs.georgetown.edu/matsuo/tags/deep-learning/</link>
      <pubDate>Wed, 27 Apr 2016 00:00:00 +0000</pubDate>
      
      <guid>https://people.cs.georgetown.edu/matsuo/tags/deep-learning/</guid>
      <description></description>
    </item>
    
    <item>
      <title>demo</title>
      <link>https://people.cs.georgetown.edu/matsuo/tags/demo/</link>
      <pubDate>Wed, 27 Apr 2016 00:00:00 +0000</pubDate>
      
      <guid>https://people.cs.georgetown.edu/matsuo/tags/demo/</guid>
      <description></description>
    </item>
    
    <item>
      <title>hugo</title>
      <link>https://people.cs.georgetown.edu/matsuo/tags/hugo/</link>
      <pubDate>Wed, 20 Apr 2016 00:00:00 -0700</pubDate>
      
      <guid>https://people.cs.georgetown.edu/matsuo/tags/hugo/</guid>
      <description></description>
    </item>
    
    <item>
      <title>jekyll</title>
      <link>https://people.cs.georgetown.edu/matsuo/tags/jekyll/</link>
      <pubDate>Mon, 10 Mar 2014 00:00:00 -0700</pubDate>
      
      <guid>https://people.cs.georgetown.edu/matsuo/tags/jekyll/</guid>
      <description></description>
    </item>
    
  </channel>
</rss>